date,"Cluster v2 (잔차+동적K, [C23+K24])",Cluster v2 + VM(M&M),"Cluster v2 + VM(실시간,≤1.5x)",Cluster v2 + TV12m(수정),"Cluster v1 (원시+K=10, [K24])",Cluster v1 + VM(M&M),"Cluster v1 + VM(실시간,≤1.5x)",Naive GMVP-LW,Naive GMVP-LW + VM(M&M),"Naive GMVP-LW + VM(실시간,≤1.5x)",EW Market,EW Market + VM(M&M),"EW Market + VM(실시간,≤1.5x)",S&P500 TR (^SP500TR),"S&P500 (^GSPC, 가격)"
2003-02-28,-0.023029376536456633,-0.004300901500143641,-0.023029376536456633,-0.023029376536456633,-0.019614775867836984,-0.0039024989603779073,-0.019614775867836984,-0.011745024116993583,-0.0018524811697270419,-0.011745024116993583,-0.02940253549684142,-0.006115735722844477,-0.02940253549684142,-0.015006476045985,-0.0170036082568717
2003-03-31,0.0045858044649439034,0.0025750820378168523,0.0045858044649439034,0.0045858044649439034,0.00276183063460701,0.0018290072522263554,0.00276183063460701,0.020415486240289295,0.009665157806495007,0.020415486240289295,0.007738065321998403,0.004157771814973823,0.007738065321998403,0.0097130720415776,0.0083575676843328
2003-04-30,0.07249059873217192,0.01426881628215591,0.07249059873217192,0.07249059873217192,0.07369245753053365,0.015546509484203738,0.07369245753053365,0.048697098405439364,0.009919059218545662,0.048697098405439364,0.09363087859836472,0.01929128459145142,0.09363087859836472,0.0823686314485019,0.0810441071800323
2003-05-30,0.06379839664942519,0.02376184874011021,0.06379839664942519,0.06379839664942519,0.06530105141704505,0.0261244024921821,0.06530105141704505,0.07071808105855937,0.026519589934189586,0.07071808105855937,0.11653836357737832,0.04554926991989704,0.11653836357737832,0.0526825563273443,0.0508987096095225
2003-06-30,0.014093520960902967,0.007323217881493192,0.014093520960902967,0.014093520960902967,0.012856356302858085,0.007172967442357964,0.012856356302858085,0.013671880299580157,0.0071778191170529535,0.013671880299580157,0.03234888245444787,0.017165927823956467,0.03234888245444787,0.0127611948807864,0.0113222146768521
2003-07-31,0.049453957735211586,0.025912749668216647,0.049453957735211586,0.049453957735211586,0.046840033939825505,0.026412531492415722,0.046840033939825505,0.04080836751104024,0.021644362359147205,0.04080836751104024,0.060690370113016666,0.03365830711649272,0.060690370113016666,0.0176305984691411,0.0162237019585365
2003-08-29,0.021559710995595484,0.011618439761997832,0.021559710995595484,0.021559710995595484,0.019221426385893612,0.011145992051607297,0.019221426385893612,0.023273320093765874,0.012625163156372198,0.023273320093765874,0.04897071417432659,0.027488903597779425,0.04897071417432659,0.0195004591902778,0.0178732035934878
2003-09-30,-0.0014265667479773103,-0.0015002787498751297,-0.00142656674797731,-0.00142656674797731,-0.0003593764148572681,-0.0004904663344336277,-0.0003593764148572681,0.007675824460561563,0.007972337886889556,0.007675824460561563,-0.00015739606008895535,-0.00025070797500711104,-0.00015739606008895537,-0.0106202754416376,-0.0119443645855257
2003-10-31,0.07685038076473676,0.041515076956268035,0.07685038076473676,0.07685038076473676,0.0732149822874319,0.04258180311081196,0.0732149822874319,0.0539809276561039,0.029541789664590874,0.0539809276561039,0.08740085814925366,0.0500690191229902,0.08740085814925366,0.0565742823537749,0.0549614866357166
2003-11-28,0.03579816344938478,0.02527653674877586,0.03579816344938478,0.03579816344938478,0.034873945158608866,0.026482637227501514,0.034873945158608866,0.03675653714117808,0.02618919281340672,0.03675653714117808,0.03561436930809886,0.026673125450097014,0.03561436930809886,0.0087987539184608,0.0071285040713728
2003-12-31,0.02854379514518638,0.028826536915094982,0.02854379514518638,0.02854379514518638,0.03280243175801303,0.03564320342642316,0.03280243175801303,0.037066161505826256,0.03778867236702202,0.037066161505826256,0.029925873191775473,0.03206700794032833,0.029925873191775473,0.0524424947855304,0.050765540778892
2004-01-30,0.02453574758846178,0.025971509987100835,0.02453574758846178,0.02453574758846178,0.023814242304262833,0.027104455366399993,0.023814242304262833,0.03150049438953227,0.03367068926416892,0.03150049438953227,0.05863204977919569,0.06596802086170683,0.05863204977919569,0.0183556016476416,0.0172763869507552
2004-02-27,0.026119716433678872,0.029922923659421702,0.026119716433678872,0.02460489304120451,0.025910862567499904,0.03193044669350008,0.025910862567499904,0.017481589209516736,0.02017521888635591,0.017481589209516736,0.008522096455188118,0.010247122673665614,0.008522096455188118,0.0138981993275213,0.0122089737376105
2004-03-31,0.009662160725069003,0.013708535793723844,0.009662160725069003,0.010737101651577569,0.00998056648306616,0.015212261873553576,0.00998056648306616,0.006114536943375509,0.008619490721794883,0.006114536943375509,-0.0006164451317031978,-0.0013798176664679162,-0.0006164451317031978,-0.0150861776948094,-0.0163589196178668
2004-04-30,-0.022144704698393667,-0.010555738335317344,-0.022144704698393667,-0.025451662585123068,-0.025347851748178732,-0.013141918765886237,-0.025347851748178732,-0.03466097756414345,-0.016911037057695363,-0.03466097756414345,-0.04182088444602821,-0.021599256728956746,-0.04182088444602821,-0.0156990544769135,-0.0167907519603481
2004-05-28,0.005093393262295926,0.004207802512232503,0.005093393262295926,0.005354885496813274,0.010856509621814735,0.009403526035558843,0.010856509621814735,0.005166265707076511,0.004299047210411515,0.005166265707076511,0.009299722013479434,0.007969723135415517,0.009299722013479434,0.0137210844676272,0.0120834500973541
2004-06-30,0.04161876078517109,0.03738456940869622,0.04161876078517109,0.04742552018321696,0.03855300160971811,0.037259731351996145,0.03855300160971811,0.016613193896379726,0.015113605900626137,0.016613193896379726,0.02979833558288984,0.028414572282155923,0.02979833558288984,0.0194497852057724,0.0179889987714325
2004-07-30,-0.023043975761370745,-0.029252627192703735,-0.023043975761370745,-0.026034225649912323,-0.02550353211139124,-0.03494184766719421,-0.02550353211139124,-0.03846782279137041,-0.049123836891265066,-0.03846782279137041,-0.0693596807429454,-0.09302932917696323,-0.0693596807429454,-0.0331004019130406,-0.0342905195200262
2004-08-31,0.010909326377949303,0.011741319190764118,0.010909326377949303,0.01128423065706799,0.0074464275742418175,0.008511158906482765,0.0074464275742418175,0.011193754268796138,0.012154726693676546,0.011193754268796138,-0.015019737713265762,-0.017504355253882047,-0.015019737713265764,0.0040473776533256,0.0022873503233691
2004-09-30,0.03984321540644692,0.02648100955574494,0.03984321540644692,0.04122050577579154,0.038497825130857574,0.027489842240245768,0.038497825130857574,0.026279224972462756,0.017776364006684114,0.026279224972462756,0.04683675754420162,0.03291216451266949,0.04683675754420162,0.0108293655718463,0.0093638755268388
2004-10-29,0.01646942404841144,0.022619123187625167,0.01646942404841144,0.017038561581970476,0.017598828663256752,0.025981699323677342,0.017598828663256752,0.014930575201309016,0.020636216720612787,0.014930575201309016,0.020010055840907516,0.029244351613501775,0.020010055840907516,0.0152779057977694,0.0140142436909398
2004-11-30,0.062331258630029966,0.05248220526138636,0.062331258630029966,0.08293044838511937,0.07077008912060208,0.06405970804134666,0.07077008912060208,0.05828483957065256,0.04954906158451978,0.05828483957065256,0.08138190328907002,0.07263335502719462,0.08138190328907002,0.0404626973083228,0.0385949362959705
2004-12-31,0.022737591376724833,0.027949827417268733,0.022737591376724833,0.026208117745121134,0.02627028619805907,0.03473572844721518,0.02627028619805907,0.04114721975221498,0.05141684788595012,0.04114721975221498,0.051124667181255884,0.06726136742270171,0.051124667181255884,0.0340280833340873,0.0324582128432051
2005-01-31,-0.021390225620237947,-0.030864972467488316,-0.021390225620237947,-0.025438607720092273,-0.019595127400384143,-0.030677263700953958,-0.019595127400384143,-0.01629578932758921,-0.023934334552571913,-0.01629578932758921,-0.039928692877540445,-0.060656799587673484,-0.039928692877540445,-0.0243783134266012,-0.025290467442294
2005-02-28,0.026762662831655792,0.029164860567725884,0.03912222366916837,0.02849203874558641,0.032584097521287714,0.038154897603380096,0.04785437570361625,0.009521372606021417,0.01032703644869703,0.012294295610651842,0.014774799814109419,0.016886288599298138,0.019985207174879765,0.0210459480323734,0.0189033461321133
2005-03-31,-0.012208314685859971,-0.014700979146180328,-0.01943191723376882,-0.013234511596010466,-0.01587396345970402,-0.02064881138317215,-0.024930390394534895,-0.018100147530434055,-0.021838909974846044,-0.0276424336633561,-0.02901713585321254,-0.03670372938814797,-0.044645148984797677,-0.0177058233700879,-0.0191176555602896
2005-04-29,-0.03531939896412355,-0.0470100630533523,-0.05410260888583774,-0.036375192392195936,-0.04061865001161471,-0.05832437670541225,-0.06205148545707448,-0.026259000151148498,-0.03548983128997514,-0.040512010666375164,-0.05822592974218968,-0.08200789066473896,-0.08846240505293694,-0.0189676948226268,-0.0201085820832634
2005-05-31,0.03950105441915562,0.02342536808215561,0.029852748822350724,0.038173630021585456,0.045467164726959795,0.028711945348475584,0.033024743707767715,0.03370019103281345,0.020304988936170998,0.023590875391652118,0.05943001130750317,0.03676171244925779,0.04153790323486906,0.0318207173493763,0.0299520466312086
2005-06-30,0.03526243575815177,0.03985072910166623,0.05144528931695673,0.033108165104059326,0.0338876699406522,0.041070625087504704,0.04767715149284685,0.02104007991067704,0.023846425415056566,0.027855866420113912,0.030966372361112538,0.036991631148184066,0.04197559952502633,0.0014194031576137,-0.0001427141798677
2005-07-29,0.04546047264413006,0.08201783785650697,0.06693324886837873,0.04341235931502772,0.048230215831127576,0.09371925606445032,0.07108786364887501,0.05376425469342018,0.09830340045838383,0.07938892194231392,0.06544422067000198,0.12630417688923679,0.09690887090718661,0.0371878863444474,0.0359682869036184
2005-08-31,-0.013303075625593063,-0.02133225452661967,-0.021325419824010962,-0.013082059808963188,-0.014543374744664004,-0.025207802391325092,-0.023185868502617373,-0.00024209026618960072,-0.0017783030973911778,-0.0017339417849057716,-0.012218829831038742,-0.021110353978132025,-0.019699051132179485,-0.0091229817340582,-0.0112221045986
2005-09-30,0.006629604418963747,0.008151296041859893,0.008533187642354976,0.006392693875275487,0.0032014249032585873,0.003394108236106526,0.0033909183687972355,0.016223804835038363,0.021760762953441107,0.021824918034649598,0.007699633305143948,0.01007627203258537,0.010138230971625277,0.0080949237626146,0.0069490243167336
2005-10-31,-0.022790142350617288,-0.03677111654918036,-0.03560854930871257,-0.02181707444467023,-0.021629429335346336,-0.03791551648032566,-0.03386747978580614,-0.034195935794105466,-0.054948013528189316,-0.05271723947394484,-0.03372737090201998,-0.057210422782494254,-0.05201439213581661,-0.0166708790682541,-0.0177407799323134
2005-11-30,0.028917747042845575,0.01672666160758415,0.01814939178797943,0.026471509483747553,0.0369994078345768,0.022361759911775927,0.02236147559723169,0.02555517677191578,0.015070457905134919,0.014646953413067184,0.04362415881748709,0.025797641570378418,0.025983598976074537,0.0378223971937723,0.0351860965190933
2005-12-30,-0.0031657613613755176,-0.007733762106077267,-0.0063292038165121516,-0.003340809767581396,-0.0011871761102071182,-0.004908277250077937,-0.0033613259397595515,0.009692525797091234,0.014516442913019238,0.012958226921187976,0.0034017501192504427,0.0036014162652169258,0.0035220634044267896,0.0003496630596047,-0.0009523493171964
2006-01-31,0.046224965842311345,0.09772404213286716,0.06770459857572207,0.047764071798444135,0.04600645528373863,0.10454361215119556,0.06737683273786299,0.05385198699073848,0.11556484546311278,0.07914513029836277,0.08035076088461451,0.18336783723275213,0.11889329113917682,0.0264786560251761,0.025466771341108
2006-02-28,0.011696928856128948,0.012484365546757447,0.012374576802191242,0.011771165890398812,0.009012201364270202,0.010003130483316913,0.009414073050987237,0.0008082929315963543,0.0005114486669242184,0.000982769070258579,0.00012887670530421243,-0.00044093167140672827,8.57455209641732e-05,0.002714178298252,0.0004531577283561
2006-03-31,0.017016625953431452,0.02419690453305926,0.023683532512260297,0.01733965614861738,0.023201041932866547,0.036044221606878105,0.03296015648141294,0.027253478087154583,0.040295360347035424,0.03474000200517256,0.04004738445538553,0.06313140609482767,0.055428450384738856,0.0124486355971236,0.0110958104088896
2006-04-28,0.009504492925814307,0.014019382613612493,0.012411331604144924,0.009834001186387206,0.0038192420189676504,0.003936700947260974,0.0038834552438749394,0.003832946951926679,0.003945756347763985,0.0039040126433134825,0.004742583982361674,0.0056763364045550446,0.005268468188965975,0.0134239618752558,0.0121556529178441
2006-05-31,-0.018324669535841817,-0.035624399665129036,-0.02938439794548487,-0.024017596646153234,-0.030870427853802725,-0.06278098051099748,-0.04820303542242624,-0.027665376338522545,-0.052810156195506115,-0.04339545814950597,-0.05213795909285667,-0.10212193355402949,-0.08010433228100715,-0.0287793617976911,-0.0309169165382031
2006-06-30,0.001478191635334813,0.0021708574165094103,0.0022178950902028115,0.0009719582923247787,-0.0017848280058115828,-0.0004575784429703845,8.103664917304479e-05,-0.008453700544054811,-0.004964987188426296,-0.003438707103574412,-0.009263593218564577,-0.006039298747987341,-0.004423472595065321,0.001353016701495,8.659650459597046e-05
2006-07-31,0.007433760405666389,0.005424076650965648,0.005387069138716552,0.008368946576157665,-0.0037174174233489472,0.000493074515849296,0.0009160441677533806,-0.0036247234120564678,0.0007519440988212394,0.0012903173086250544,-0.0318108175031228,-0.011987554691632457,-0.009435236371947141,0.0061731744853201,0.0050858788034533
2006-08-31,0.021605292846749023,0.014354571139673939,0.014098821979598232,0.0300382890481973,0.02272371227269293,0.01586247087819189,0.014473512472708843,0.0013680122691220977,0.0024606803728632882,0.0027202070434107894,0.0273860398943545,0.018605021675536584,0.016445918857440376,0.0237929492287609,0.0212741931150264
2006-09-29,0.009377521689198087,0.013221344680945211,0.012061107147484512,0.012168562740993481,0.01619565743448606,0.02654685818635879,0.022288310765416472,0.009105656493772627,0.01283894377210238,0.011413517643181723,0.011054127073380193,0.01685528256330207,0.01457601522375767,0.0257681646826517,0.0245662979677823
2006-10-31,0.03938828014860913,0.0659101491732744,0.05713709215129863,0.057865569544751715,0.03896992233911624,0.06993999979304379,0.05650955543705929,0.04167337078139319,0.07053791080512467,0.059824119597657995,0.049700185261964645,0.08893588072272568,0.0726049498213319,0.0325835029044048,0.0315080035853956
2006-11-30,0.023124006841378785,0.04057689813737826,0.03266887482527657,0.03455974350914812,0.022554108667330184,0.04223978994068627,0.03181402756420367,0.009624846268673826,0.014839065959402296,0.012420133966219132,0.029720829034515166,0.05628242353731309,0.04256410811498114,0.0190201555511602,0.0164666563430959
2006-12-29,0.016935949964979425,0.0232489310318621,0.022114933741964004,0.025168932140915413,0.01751528536039521,0.025673480661963746,0.022533760371914343,0.021583048012163694,0.03041479406006714,0.025657908415738062,0.008702682595611598,0.011437851085671158,0.010191075717809054,0.0140266858425743,0.0126157828146704
2007-01-31,0.004036454384250167,0.004122907478654548,0.0040614693757351685,0.004071985701522411,0.008953781970885057,0.01859012612202473,0.011437460755687504,0.016573996373009953,0.038656165422515334,0.02286778235887485,0.022708751720718266,0.05825812904512204,0.03206991538043732,0.0151226415473619,0.0140590430231779
2007-02-28,-0.0015593123316865489,-0.007678009816298761,-0.004372045794294097,-0.007184779256901646,-0.006503925270979794,-0.01971488822977036,-0.011788965203233966,0.002626064217186441,0.0010307717536683198,0.0019060190290153874,-0.0013525692488044283,-0.007954434261028785,-0.004061931169970917,-0.0195611521571097,-0.0218461759919443
2007-03-30,0.015006702045504416,0.011923787086611112,0.011456739441753634,0.025866172891947092,0.007230276683119111,0.006517396636008654,0.0061560006052730105,0.012263203717158437,0.010011024577572887,0.008911548438063598,0.007964929052626659,0.007043637136766014,0.006532762659794817,0.0111868330267241,0.0099799829392064
2007-04-30,0.0219255888690642,0.015575044325839577,0.014884750928856648,0.03985677718281143,0.01852854745842651,0.014110247644644264,0.012614298196940512,0.031237756790454957,0.021758550074413026,0.018463050163336783,0.02564223381071265,0.01885044681161583,0.0162922319774966,0.044297563653973,0.0432906904267598
2007-05-31,0.022547317763099664,0.037671085110094614,0.03186766439472948,0.040393476001352804,0.0305955035059395,0.05600415869072765,0.043939943008989235,0.02123703236830475,0.03559987035503722,0.029798423136706966,0.03453847209062746,0.06286372630869128,0.04985439588602117,0.034893200301608,0.0325492287073616
2007-06-29,-0.02750733837088157,-0.039560249292928694,-0.03675011571186281,-0.058769488922909285,-0.021408937842062024,-0.03381893653082101,-0.027864021387853093,-0.015120975760208518,-0.022650138103207224,-0.01773859695903549,-0.010872531655014528,-0.017780478239249727,-0.013953917070711457,-0.0166123436021449,-0.017816322547885
2007-07-31,-0.06278802826940376,-0.04521392376192548,-0.04164783316123205,-0.11209070869039339,-0.06701514452332338,-0.052376208992043254,-0.043307395665284576,-0.04701894561884049,-0.03396570619008767,-0.026940844702971554,-0.055852500860585935,-0.04285766285119903,-0.034576223717383926,-0.0310060943012937,-0.0319818783619882
2007-08-31,0.015033369344114953,0.008848702676963468,0.008678391608944692,0.015624348144485226,0.014838782631120788,0.009137843802177179,0.008486290552251852,0.014207991586697086,0.008526909573620971,0.0077954395896281505,0.002274950385404428,0.0031512911817907323,0.0032781443274838337,0.0149883971918791,0.0128635720188579
2007-09-28,0.02116986145464152,0.007051068239119759,0.006916634275284296,0.02230192391374265,0.01508609561639196,0.005945425973203827,0.005601406456657892,0.02767370187937363,0.008494966780771652,0.007650992246472684,0.020003257185491247,0.007026430627074445,0.006405854012069405,0.0374003727542069,0.0357940081786007
2007-10-31,0.028511847955136442,0.01752961685571936,0.0170231047236453,0.029753315884123336,0.018478714854040505,0.012505360162575035,0.011315032982306487,0.014162829033770101,0.009430074829985861,0.008424077025022942,0.021103017819230838,0.013958814104161646,0.012186282632228736,0.0159071272563016,0.0148223382235548
2007-11-30,-0.04519829390150708,-0.02631598413478064,-0.025336695719622826,-0.04932290704634171,-0.04925650944510388,-0.03126969486364596,-0.02694096143030299,-0.05798583695781776,-0.03446744498009497,-0.028533202613185656,-0.07838656499008531,-0.04965112370345003,-0.041077194984464785,-0.0418084298814024,-0.0440434173794157
2007-12-31,-0.008274141876150004,0.0004256069602508136,0.00044487910151071435,-0.007962115509396775,-0.00984557516954738,-6.794293161917512e-05,0.00019915301498433981,-0.01052105067743403,-3.670783231949021e-05,0.0002716126048599582,-0.009439434841042467,5.254307714588945e-05,0.0003886614135970544,-0.0069370147403809,-0.0086285085612979
2008-01-31,-0.05758605504234632,-0.023795963269303305,-0.023655991624349622,-0.056592315527722814,-0.051985096137736296,-0.023201286208414253,-0.020633672761878774,-0.054165404641157044,-0.022533105689293245,-0.01961052381088997,-0.0564469361651311,-0.024922388239157545,-0.021229632677650982,-0.0599810423489871,-0.0611634322777698
2008-02-29,-0.05217003933516134,-0.010585735113441842,-0.010991713999833523,-0.04501304819988118,-0.047009253209811155,-0.010271910018204872,-0.009417880363697055,-0.04078685454041141,-0.008100625295539114,-0.007308259102760579,-0.030785255369367825,-0.006202406620468721,-0.005289642639336142,-0.0324830135371415,-0.0347611927372881
2008-03-31,0.01046001255564926,0.0044346668326601885,0.00463450492157564,0.008777090757360568,0.004270215991040762,0.002476099951954868,0.0024293420809004132,-0.007550610553436455,-0.001498340490562014,-0.0013183055766290536,-0.01087867977924567,-0.00281475264332986,-0.002338108331549518,-0.0043194970527086,-0.0059596233978174
2008-04-30,0.03700262061834651,0.0070825681470878315,0.007485707842581229,0.030366819185912827,0.03253331905309964,0.00674560002655591,0.006476431331857998,0.032351424632771686,0.006360266634366923,0.006053471025874603,0.038196435578010786,0.0076659652057131,0.006951922562740256,0.0487018725842185,0.047546697641229
2008-05-30,0.027716304508904416,0.011186357825484718,0.01193277747456339,0.021751196818591445,0.02325681931076518,0.010150980162308391,0.009757590890863995,0.028503170834664675,0.011582593910860452,0.011025904025486857,0.03906095898046638,0.0163625777327052,0.014749279706589624,0.0129536231664342,0.0106741817040685
2008-06-30,-0.10541780151187541,-0.07179654202178247,-0.07746133344682946,-0.07992259117450627,-0.11788143804233968,-0.08670149311612121,-0.08296057216229938,-0.08441703692703847,-0.05796506094415438,-0.05499223986969428,-0.09749892325976703,-0.07061667035527913,-0.06317653181733149,-0.0843047235956163,-0.0859623848263144
2008-07-31,0.004206514643716018,0.0023999889216642896,0.0025066468901443996,0.003191439839534067,0.015187342721872658,0.0062674934066247944,0.006319280792550504,0.031410731515945464,0.011230513432325152,0.01112564676537088,0.023141267661717577,0.008916134502143371,0.008341951214991815,-0.0084076832544937,-0.0098593711853027
2008-08-29,0.022134533490339534,0.006408121858000654,0.007036517996599249,0.01487154012725632,0.023564095413761615,0.007173981331090154,0.007239055030176823,0.015913398917488362,0.004931484586537168,0.004908386907483759,0.031471916387014645,0.009133032911771248,0.008532545744136016,0.0144659248886929,0.0121904646691215
2008-09-30,-0.06735845643240661,-0.02056359702880924,-0.02332871161362836,-0.042763950162138326,-0.06909336078480736,-0.02286668267198071,-0.023174075305917242,-0.07440893548791315,-0.02304862437445538,-0.022898873408736965,-0.09771869018414442,-0.032242321543192336,-0.029697720883579682,-0.0891056579938184,-0.0907914335437921
2008-10-31,-0.14719998658390482,-0.006216045433757055,-0.007351026387776332,-0.09078787607448019,-0.1741422259301932,-0.008123421445274793,-0.008522768736162683,-0.1780216531293825,-0.007747617653547364,-0.008086804794430533,-0.220861474754943,-0.010335633159446663,-0.009912083937899618,-0.1679505612071048,-0.1694245240177707
2008-11-28,-0.020359544412829018,-2.7969702986962238e-05,-0.00015788118945737038,-0.010081628847863082,-0.0695951218784831,-0.0010670034769407854,-0.0014005741130830591,-0.10585993415418422,-0.0016723836338578676,-0.0022272460147420813,-0.1286108567283454,-0.002238767274367676,-0.0025861300384128526,-0.0717518615444127,-0.0748490423387097
2008-12-31,0.010532911629942748,0.0003198138576121174,0.00042369299175858854,0.005322585978368687,0.01948315896187302,0.0006294727775763183,0.0007914738950383762,0.012966427878764957,0.00039552644175743293,0.0005287461693201721,0.04627569393748515,0.0014633450918588695,0.0017335811127135005,0.010642094336859,0.0078215766334994
2009-01-30,-0.08812506875906384,-0.004406675122074664,-0.0059062338620904774,-0.04367575177558283,-0.12878570055251493,-0.006990491934300889,-0.0088460702038602,-0.08498756631257862,-0.004288446445594284,-0.005797053331255552,-0.08430976118465171,-0.004481492918904469,-0.005355288527044388,-0.0842888218347059,-0.0856573430580542
2009-02-27,-0.11838236887813887,-0.010259328652455732,-0.014308124472364276,-0.05679603989282342,-0.11032913563891508,-0.010306291385911697,-0.01395862820555301,-0.12960854424322266,-0.011359694273576727,-0.01583262303061708,-0.11818184382895013,-0.010895156730889772,-0.013251658106166492,-0.1064779993427244,-0.1099311976201994
2009-03-31,0.05062261887412989,0.005821193408235987,0.008477536143498322,0.022624390112094554,0.0768082687998579,0.00939437756286222,0.013104574491756777,0.08378870092466997,0.0095984507986484,0.01407468151754341,0.10177304534429005,0.012215500309563398,0.015230547778906171,0.0875980095239983,0.0854044619953229
2009-04-30,0.06682629704436632,0.003557657975662792,0.005208817170782801,0.028218123644630184,0.11426934074273208,0.006415395272990592,0.009108316377982052,0.05858511037754547,0.0031679194718012282,0.004708674551804573,0.1746607479803386,0.009584959956475177,0.012209336081770756,0.0957091384780268,0.0939250791482633
2009-05-29,0.03660558788927139,0.004859165618784058,0.0072887730998449874,0.014758240510395152,0.030509449456141043,0.004373681494618578,0.006456089264680667,0.06724081391462355,0.0089248822581523,0.013613635242958834,0.06205215342602634,0.00867035926799541,0.011719145524998682,0.055931611052769,0.0530814463851665
2009-06-30,0.04463402148884836,0.007276083610196645,0.0109903189575079,0.017788738862436863,0.018785160790550003,0.003352172438977942,0.004946182719250028,0.04520271751231147,0.007437335667022829,0.01149807590781911,0.01468396633224897,0.0026060141600006553,0.00351429714272237,0.0019853143855079,0.0001958272656099
2009-07-31,0.06270336630948835,0.01820619175642785,0.027743980425423233,0.02546717749457047,0.06911446790624795,0.021601813646479798,0.03218918429809353,0.06158617080323302,0.01805442703715595,0.02815163511380514,0.09475482995742131,0.029163409350681974,0.03974991883783957,0.0756335287731011,0.0741417271477842
2009-08-31,0.018418711285326097,0.005145090801917701,0.007872165231217445,0.007191171075174703,0.01777231232894595,0.00534263701973844,0.00799341990190858,0.006983829513047961,0.0020364574009279924,0.0031307352100064076,0.03448342953505949,0.010125205011798082,0.013943596147071545,0.0361034533198103,0.0335601888685441
2009-09-30,0.03190128705836555,0.014442811380717423,0.022274395003920294,0.012388446857401597,0.03981534590370196,0.01939793627878843,0.029252794137950174,0.023661526448127405,0.010832191456360914,0.017041100987692587,0.06613946279729357,0.03173165776618645,0.043891605705902365,0.0373177005312423,0.0357233457231196
2009-10-30,-0.028974241017172893,-0.015262945781633737,-0.02372331838903749,-0.011294213546822762,-0.03705560185989111,-0.021061869028542,-0.031973290954112984,-0.04191455691423286,-0.022318020181596527,-0.03536858341010402,-0.06422612125440924,-0.03602869465432694,-0.05015125114574229,-0.0185761929286625,-0.0197620005268142
2009-11-30,0.032523200928090655,0.008591289500890619,0.013298106926915822,0.01590443080842223,0.03069297996483271,0.008736246584253001,0.013214679846413637,0.014807549202962417,0.003965672025423317,0.006248333480495607,0.03422236328085752,0.009601637200862182,0.013368369675144645,0.0599822464850243,0.0573640614537276
2009-12-31,0.05516564970959302,0.027451833096906214,0.04265185790446006,0.027030710597963113,0.05979689857543475,0.03206173065328649,0.0486475090966032,0.05946533257221614,0.029873829461126877,0.04724281036241953,0.07044763746623166,0.03724015442227267,0.051962243153781375,0.0193156551643112,0.0177705709193383
2010-01-29,-0.02722964708204281,-0.028772380651245315,-0.04086946375069848,-0.012986670014170825,-0.025535816377213364,-0.029082613253313086,-0.03832871769345431,-0.005191587741110683,-0.00554131657249914,-0.00781237473930029,-0.026433221196648902,-0.029682202007443363,-0.03967482492260762,-0.0359727758290816,-0.0369742456922621
2010-02-26,0.021165448266053308,0.011360807117243655,0.017597007940261273,0.011513679855933268,0.02860462984046232,0.016529630497801904,0.025030148179915463,0.035276630662306914,0.019095920027944257,0.03031566943797029,0.04329231118725647,0.024653506579433323,0.034429943460267384,0.0309754964214461,0.028513689046546
2010-03-31,0.051153157077534324,0.022583730382265663,0.03501474875475463,0.04735283524639097,0.06055966853045634,0.028793067243845158,0.04364376304004691,0.05023547300200375,0.022392108444355293,0.035592924765073225,0.07434970162752608,0.03484331531197592,0.04871461802999932,0.0603470241305212,0.0587964255454973
2010-04-30,0.035269623993763904,0.04817559627790002,0.05283781816295095,0.03261407710557538,0.04096060280027461,0.06029321439773729,0.06137428637271701,0.04867936279900312,0.06714977367605482,0.07295242637080977,0.05993712622698808,0.08702164294636695,0.08983907151278722,0.0157864107389198,0.0147592304820129
2010-05-28,-0.06384054031969064,-0.0358037479016965,-0.05529524538274239,-0.06322340025481596,-0.06595139308772957,-0.03987313641353899,-0.06003215255844082,-0.06876109277534043,-0.038940351761456715,-0.061031822265372467,-0.08480952590716567,-0.05056947636321186,-0.0700611089959114,-0.0798505703771746,-0.0819758420731905
2010-06-30,-0.02337197629036936,-0.002724760417140406,-0.004284914047946477,-0.017215487056507883,-0.038099112450298726,-0.004876531109488192,-0.007404056566595392,-0.03901841135895911,-0.004673028897855031,-0.0073954186675237255,-0.07728850771781073,-0.009869656358866451,-0.013760107086004782,-0.0523486453012931,-0.0538824422398385
2010-07-30,0.06234262806885401,0.011007547782730706,0.016971041243820525,0.04498504190650396,0.0633650908862402,0.012043319966379843,0.018115680324835574,0.040459237322462954,0.007254858910019698,0.011328356878785893,0.07100649300961172,0.013294329157914772,0.018598888042204536,0.0700606013850524,0.0687778495746351
2010-08-31,-0.03007492365153433,-0.008411354934705354,-0.013237227099308847,-0.021667585188063936,-0.04313225221670916,-0.01305190642897524,-0.019952296132051163,-0.036851036352693656,-0.010427285816557417,-0.016540525589349733,-0.07024100068510655,-0.02100953838301324,-0.02972600536794727,-0.0451400100707674,-0.0474491836326047
2010-09-30,0.06673912616073567,0.023810440526267223,0.03729928788122125,0.04602473640513411,0.08758408898208125,0.033640160201931696,0.05138026617067861,0.06912244870903067,0.02489426922841124,0.03935352552176329,0.12248150550776093,0.04635858522060416,0.06586856999329116,0.0892413329070571,0.0875511030511355
2010-10-29,0.027025597966822145,0.011172030017810405,0.017617141979150236,0.017505559648291667,0.03260524231093801,0.014497748306002721,0.022376285564009404,0.02323019974956378,0.009705347582695886,0.015434276821945987,0.039767474209362684,0.01742058412079964,0.02509468099255303,0.0380523410809408,0.0368559940355406
2010-11-30,-0.00207271967099178,-0.0018407918944719065,-0.0029774020056124386,-0.0013641772729146115,0.012492626281835064,0.012029611987125271,0.01859869704516169,0.0014084575885763319,0.0012800266218936061,0.0019880053618116563,0.02499838688510866,0.023732534365851772,0.03426451404254719,0.0001261613170797,-0.0022902497465766
2010-12-31,0.054779451931634734,0.03166488268552832,0.05011401304327812,0.03692720947655503,0.06358637304048571,0.03958940291727247,0.06130765312629625,0.06105614998555533,0.035624497014800215,0.056902823132034284,0.08719375534549663,0.05350981075857955,0.07726822226441185,0.066831871153312,0.065300040347155
2011-01-31,0.006601596666543116,0.0081892272755739,0.009852422478749807,0.004481473868213635,0.0013154529671198561,0.0017297407402849072,0.001923206929614917,-0.02045849274082221,-0.025724832106621853,-0.030737711632298183,0.005091758646837386,0.006699426776391746,0.0075876654491912115,0.0237005625318413,0.0226455743591391
2011-02-28,0.028812457153832814,0.030136688536085393,0.043156228658365825,0.02035840156868148,0.028770313136432944,0.03242043359473807,0.043093012632266024,0.03951357719683216,0.04172840173169544,0.059207908722864855,0.04456449101064238,0.04952564931608242,0.06678427944358017,0.034258986245601,0.0319565637280934
2011-03-31,0.019384446515361642,0.016095110707938877,0.025420189293541725,0.0136667097972811,0.02029827147833466,0.01815225972682807,0.028053188206121363,0.031179785684830624,0.026123782211950063,0.04138907350915084,0.02164279216772144,0.019084512925277165,0.027514317192583567,0.0003975307939132,-0.0010473129391664
2011-04-29,0.031335022400758264,0.013909350867394718,0.02198195385785509,0.022800029914724178,0.022520093755190554,0.010779832824189383,0.01665524357874601,0.010867136807828156,0.00489709901201977,0.007723143726078066,0.022882055665477102,0.010800159990617635,0.015567498667751504,0.0296145777938252,0.028495380666536
2011-05-31,-0.006614510272576255,-0.009637972360837153,-0.00993842902075617,-0.004819383167114914,-0.005412111302435025,-0.008504087540210998,-0.008134830565544324,-0.013660683867228218,-0.020080526925245576,-0.020507689412734113,-0.019791575489170002,-0.030613158770117093,-0.02970402684564679,-0.0113195204816233,-0.0135009528952232
2011-06-30,-0.008169337253699702,-0.007874708871294694,-0.012278999008183819,-0.00738684133701614,-0.014860901705500045,-0.015443140545301808,-0.022316345685884333,-0.023748514691389905,-0.023116292108671322,-0.035647765164719125,-0.027541643381032387,-0.02821761904276754,-0.040651438062776,-0.0166691530601327,-0.0182574616524793
2011-07-29,-0.030049175344485445,-0.01287577076938151,-0.02038577043023368,-0.028629041173817125,-0.031095789388904598,-0.014361713813963001,-0.022206653715915722,-0.03416162456873835,-0.01478101974694855,-0.023285961512781915,-0.033888307925270034,-0.015433140434086905,-0.022186200202096606,-0.0203330727101618,-0.0214744253066662
2011-08-31,-0.012318697652539025,-0.006330996672164852,-0.010079043530632267,-0.011644368694989108,-0.04476733576376518,-0.024915258136773318,-0.03857677865690232,-0.034367093672609435,-0.01790589230588387,-0.028270394714566018,-0.09141516093763839,-0.05020144194144987,-0.0722371415612902,-0.0543240886416048,-0.0567911079523288
2011-09-30,-0.026606915025664722,-0.0013080991290324556,-0.002082033860797754,-0.026849112897661766,-0.06976221662934722,-0.003725175043230368,-0.005772700246897899,-0.05379769907569133,-0.002686860812940919,-0.004245340675491482,-0.1120376042809395,-0.005908026283782756,-0.008539012454919647,-0.07029631842319,-0.0717619880808965
2011-10-31,0.06832388596169395,0.009618905220392089,0.015272385030175837,0.0767853374754178,0.09228917810843582,0.013995384060058319,0.021913414693553266,0.07948188533742824,0.01129495404273293,0.01794099157464408,0.14884430717817781,0.022247446292663963,0.03272625631881858,0.1092920593446356,0.1077230384374414
2011-11-30,0.011065331295676994,0.0013833248125977638,0.002217615113375737,0.010340811209682468,0.007382600817102074,0.000996592163683618,0.001582209470199585,-0.009014523511044047,-0.0011245032292801593,-0.0018177530209536681,-0.0171510501371094,-0.0022590753425665417,-0.0034134052634662224,-0.0022084033314586,-0.0050587151070113
2011-12-30,0.02581653371321172,0.0033117810364801117,0.00531566328695237,0.024319803712625515,0.01507331692245302,0.002086438064926972,0.0033173739152537025,0.012006619056015012,0.0015588950033370887,0.0025080908219228273,0.00039246970956336585,6.0579884516899175e-05,8.721848995405895e-05,0.010228846127483,0.0085327636666361
2012-01-31,-0.00858768245880219,-0.0028886870898098653,-0.004655773793957305,-0.008869819536773016,0.0012660647402565227,0.00047130895389160935,0.0007406788596943749,0.0539711429618714,0.01841034053948614,0.0296713622556821,0.07991160146122345,0.028682545073703693,0.043294027580122976,0.0448136597709063,0.0435830627049853
2012-02-29,0.011161903217209751,0.016518688286334616,0.01671786169818036,0.011342531697488117,0.012380102657092825,0.019743655540944004,0.01854516085800497,0.04246804562300536,0.06352186592719837,0.06367707530687378,0.036703890731303465,0.05777390493065054,0.05503084296932093,0.0432417759515704,0.0405894637681172
2012-03-30,0.018367741231854005,0.024469926737320565,0.027518290730426574,0.019162578859849087,0.02038009402855003,0.029257302610314003,0.03053681992547061,0.02110796638268545,0.028393888575079875,0.031628628456673746,0.022882007963173738,0.03239351735727656,0.03428969082740617,0.0329079359216835,0.0313323145314419
2012-04-30,0.008365712359436894,0.00667136141303618,0.010662987697343683,0.00873900587448432,0.00450152705603526,0.0038700500516165104,0.0061074540648542305,0.013508643077226181,0.010868413369975573,0.017234089554813998,-0.01870106717838793,-0.015809615962348693,-0.023844293217096704,-0.0062739905006256,-0.0074974523724959
2012-05-31,-0.01392243689196973,-0.007936682335768237,-0.01277756157570648,-0.015174984301110937,-0.02719190980156574,-0.016748267509569897,-0.026627091743202224,-0.02599207474536841,-0.014991728202759987,-0.02387018262263137,-0.07754088152032565,-0.04714796369361442,-0.07101267301248552,-0.0601013184334051,-0.0626507257145436
2012-06-29,0.04038216151232012,0.025918306305255295,0.04151960688209798,0.04340532866734219,0.03949689235303527,0.02731523263651843,0.04328805768961865,0.04751697087570817,0.030786862734537915,0.04886052033890568,0.0421507650901182,0.028742056863793164,0.0432588226319192,0.0412025279429577,0.0395549822283363
2012-07-31,0.02020026743073959,0.005733837466243257,0.009150392157155861,0.02044569920594817,0.017078757073985765,0.005227516848929824,0.008247588162530435,-0.011757067992427123,-0.0032840074334549154,-0.0052636333404675675,-0.008986023842784602,-0.0026322801252719385,-0.00400330886319493,0.0138887454395149,0.0125975742047879
2012-08-31,-0.015171509761664195,-0.00970026111357392,-0.015619790654770153,-0.01681389416565605,-0.0071330811505232565,-0.004903334043573886,-0.007833052093869476,0.011231594529195133,0.007307128304783338,0.01156079933386413,0.03552202196527101,0.024244215239439967,0.0364774026399339,0.0225233778526807,0.0197633695060857
2012-09-28,0.024138220518202573,0.031189905747399136,0.03616984623716511,0.026470828392074423,0.024375746276077942,0.03393784624867277,0.03652613487397817,0.02791192390322646,0.03641593919417178,0.04183040131470095,0.0339784677640149,0.046657631601637065,0.05093021710588361,0.0258425820046868,0.0242361536177753
2012-10-31,0.0035940339158905942,0.0034587545066641916,0.005349403292199286,0.004386502133816933,0.0009535396913359616,0.0009850007258700153,0.0013886619553673367,-0.01771934803838258,-0.017198109335587377,-0.026620669639210476,-0.020499396057501618,-0.02094488575823802,-0.030790741667889032,-0.018465081819009,-0.0197894097162939
2012-11-30,-0.013696987495885648,-0.015583368531214406,-0.020591291485749435,-0.023449920498523055,-0.0074397441363703316,-0.009135146947137537,-0.011205426446476461,0.002581770789769276,0.002949688515677291,0.0038268459427329513,0.007110238231538516,0.008569819145972582,0.010619547105386812,0.0057993923174031,0.0028467166850427
2012-12-31,0.007240992573726826,0.0038821764702407233,0.006149467498371907,0.011393300504770226,0.007407564664398491,0.004274029505597613,0.006710337865748858,0.003497429609039551,0.00190879972828521,0.0029766297221783112,0.027933927818127,0.015814903835310843,0.02368761471286896,0.009114227632879,0.0070682309562846
2013-01-31,0.05554764031905226,0.05826284596280269,0.08330063191802609,0.0919359472241099,0.054516559096297226,0.06161983108305032,0.08175401008389355,0.05272008385252004,0.0558288160936314,0.07905929721822777,0.06464657210369422,0.07204820764254594,0.09694902959498902,0.0517959997995747,0.0504280964668688
2013-02-28,0.024622956607836675,0.027428276510821314,0.03690527759854439,0.03286127567410885,0.02337514551377779,0.02805601464769017,0.035033560957456064,0.008778891275981625,0.009868317554808156,0.013139179600761813,0.005640058894680328,0.006666753339400548,0.008430931028809867,0.0135754893244082,0.0110606487650415
2013-03-28,0.04925729541478363,0.03912842686845695,0.06139638934992487,0.06487647970107059,0.04739964784052087,0.04057121876825294,0.06320421516136217,0.05378964478165455,0.043137418343856294,0.06748364664676351,0.04446979972466875,0.037532576807566734,0.05587048093233949,0.0375030449912545,0.0359877239828729
2013-04-30,0.03685191542330927,0.07625208716651377,0.05524871582175328,0.043868978687537794,0.03369765163871838,0.07513130100488516,0.05051732014486694,0.018737420128975044,0.03911212738532551,0.02807697288025194,-0.0018204937497444775,-0.004075917434564364,-0.002759897937827342,0.0192667540680189,0.01808576777989
2013-05-31,-0.026785101175204478,-0.014825280773025341,-0.022571923167663665,-0.031146911269266473,-0.018668665475785818,-0.011132729303755636,-0.016974977209090747,0.01020053172333873,0.00572572309412368,0.008875524856070974,0.04306115933409182,0.025374497662590815,0.03774524190271684,0.0233900875143799,0.0207628116830578
2013-06-28,0.0022017760015733204,0.0020314893753728405,0.0030732968152062745,0.002390438492219677,0.00030960519219018707,0.00030768475977750693,0.00044774417639349326,-0.0054161269364581665,-0.005036518500610029,-0.007846099217540077,-0.00942775970547288,-0.009230442933966155,-0.013763223446819328,-0.0134281316760437,-0.0149993015955808
2013-07-31,0.05695472554987784,0.0269071256090687,0.040915260910149014,0.06372597484078332,0.056187419013898524,0.028604231178488718,0.04351801084907788,0.04626157861717248,0.022068737458452312,0.034260710646201314,0.07281392146359364,0.03654521343894836,0.05438613338113538,0.0508864835042393,0.0494620799130853
2013-08-30,-0.045655120679430776,-0.08366551337274444,-0.06849934463103795,-0.046029995936517396,-0.0451071862034855,-0.08908532528150484,-0.06767744291712004,-0.03254038437450785,-0.060214371644989155,-0.04882724017365356,-0.027857547466001966,-0.05425923649428168,-0.041802984810894735,-0.0289613216903119,-0.0312980194793439
2013-09-30,0.033721689117377864,0.03165023636067271,0.046345284738557486,0.029687247736137325,0.03400514643337424,0.034393523725730804,0.05054507059080885,0.036532644175851905,0.03461818409806413,0.052751975928104336,0.05767075858530271,0.05751324995701382,0.08510086568321833,0.0313582764727111,0.0297495232591953
2013-10-31,0.042251407137376906,0.0726505545210803,0.06336877813652333,0.03677754270439677,0.04310012361879255,0.07986559364954378,0.06464185285864679,0.03168149110223256,0.05499691886916606,0.04751390408380682,0.027687001168377447,0.050581555030067685,0.04152216918302415,0.0459672950930596,0.0445957527619447
2013-11-29,0.012660697860481938,0.008464205363880355,0.012103800084255678,0.010819201590164054,0.01301487054859699,0.009373938326797074,0.01346797196284237,0.021877475719480892,0.014758323168417613,0.022202959955322583,0.042742702098933924,0.030333721294557026,0.044545766082340565,0.0304739125181652,0.0280494713673287
2013-12-31,0.019840096105361704,0.027139996149375976,0.02973515103040829,0.017720171191428276,0.019562771322008975,0.028835189418962796,0.029319163855379197,0.01716377942869075,0.023701961591577433,0.025720676015401858,0.029510036679668162,0.04290085415068673,0.04424006189186798,0.025317627354634,0.0235627919754459
2014-01-31,-0.012970257103687237,-0.018623887038475017,-0.01948454296874148,-0.011674675665267304,-0.016589375942654076,-0.02566780719620516,-0.02491322122719174,0.00047551981851488476,0.0006623204578214643,0.0006841224145617012,-0.018998703693128376,-0.02897866077801183,-0.02852721285290319,-0.0345760886236947,-0.0355829059558115
2014-02-28,0.04005134441278236,0.028473129037491378,0.04058728333929749,0.03659480224685476,0.039364655360189175,0.030157564902609842,0.04315027149082555,0.05093719535667359,0.03655911630489994,0.054980912658670604,0.05091333102283031,0.03845805577074638,0.05621215757442613,0.045745773559195,0.0431170301781616
2014-03-31,0.017904383106132436,0.013383701684743383,0.019068617176136653,0.01601443036675845,0.017529035393642894,0.014117954542785307,0.02018599118132346,0.007394081539162826,0.005586195564639005,0.00838271133367788,0.0009169757684163426,0.000736371054199167,0.0010570620332960605,0.0084036255035055,0.006932165418227
2014-04-30,0.0032043657886255605,0.00336426321722577,0.004780217686067217,0.0030153506367771948,0.0006270660319502895,0.0007044351101228524,0.0009197704873731348,-0.023711979368754167,-0.025153087139557096,-0.035588797613683554,-0.033659293161372734,-0.03757905341089658,-0.050509768302611405,0.0073914611717023,0.0062007891534141
2014-05-30,0.005228566606226873,0.003226715076824676,0.004591074236508665,0.005026886469355659,0.008016633451652213,0.005324150855302411,0.007607944358911539,-0.005502046270066771,-0.003408485258268453,-0.005122565953777791,0.005588099520384925,0.003662170060697158,0.0053237724061332104,0.0234762588126433,0.0210302800732804
2014-06-30,0.04085721245311106,0.06188738344448684,0.061269155067774805,0.04273156370540848,0.039868894572869046,0.06507833001900554,0.05978667824741178,0.05234495690507296,0.08005585759028185,0.07850077174571765,0.045685614215921995,0.07353235036715046,0.06851175771199121,0.0206562935189993,0.0190583317494701
2014-07-31,-0.05157691946955025,-0.16122396759078836,-0.07738204281621716,-0.052672457803966975,-0.050740666853823876,-0.17093428349585046,-0.0761276638926276,-0.05336422451454695,-0.16841432404783446,-0.08006300038371221,-0.05059011452991215,-0.16804057418216034,-0.07590183540676002,-0.0137915283508029,-0.0150798308453423
2014-08-29,0.04434317373344875,0.04381275588197848,0.054698547582015276,0.04030638668899946,0.04872957016177855,0.05188465569922591,0.06589076926331486,0.04194207641599518,0.04183902714607409,0.05436088290883731,0.04431425388258267,0.046523011059343714,0.0629302722939402,0.0400035793270447,0.0376552955798252
2014-09-30,-0.03470512795725227,-0.06539965049897538,-0.05207019021745775,-0.035581862460465234,-0.0333716943964935,-0.06777467113262844,-0.05007003987631959,-0.043877012642772766,-0.08347368617121981,-0.06582801724573849,-0.057181914007253955,-0.11448640242186588,-0.08578536929246028,-0.0140201620576985,-0.0155138372494539
2014-10-31,0.06089609700060412,0.08064882398577289,0.09133581293136415,0.05655988771302109,0.057931255497556504,0.08268035084432275,0.08688855067679273,0.034479547367879435,0.046100591334518444,0.05171098848227713,0.034470029883424666,0.0485046925634193,0.051696712255594975,0.0244248006776741,0.023201460667203
2014-11-28,0.013072732317594893,0.004437343674033808,0.0053685084098873,0.011367041687618032,0.01372980842823733,0.005021442291124973,0.0061906143022863866,0.005992217128177135,0.002056477680761956,0.0025940458822975403,-0.0017090742584243577,-0.0006103323281654163,-0.000804512889546052,0.02689408693115,0.0245335886463149
2014-12-31,0.014280189352535964,0.08582863829198771,0.021411951459261922,0.012417620508627249,0.014055421320559433,0.09103706842474757,0.021074799411297127,0.0002105662083282246,0.0011944376889259066,0.00030751674295031247,0.009719727730458793,0.06204570448925619,0.014571259026146165,-0.0025192168294072,-0.004188587515997
2015-01-30,-0.02758108165487978,-0.013735146489482151,-0.01626561562243837,-0.024031219423073152,-0.025509411677898167,-0.013691490714427924,-0.016556000411104464,-0.024995642691277138,-0.012566169693532001,-0.01587174802869405,-0.04216752725622966,-0.02232485395887207,-0.029178414712216317,-0.0300203515292404,-0.0310408058384106
2015-02-27,0.04335403658936429,0.019453036947743484,0.0230641505212029,0.036426686778512074,0.04980256632060451,0.024079571667569452,0.02912554611699839,0.058349722314438086,0.02643026226341355,0.033389282729224354,0.06847307674422244,0.032640269378750426,0.042691243637380624,0.0574736866143528,0.0548925108906233
2015-03-31,-0.003522801142655281,-0.004391444849867193,-0.005223509165531682,-0.002933800870086502,-0.001467091737887878,-0.001974771380591276,-0.0022089701763738415,-0.007487340780624672,-0.009418901591741509,-0.011239343740479033,-0.003284362317164988,-0.004351800834358019,-0.004934876045289507,-0.0158156391647432,-0.0173961071142195
2015-04-30,-0.008959869432581145,-0.005889422421392804,-0.007005002585206762,-0.007432189280304256,-0.013059308404082235,-0.009256974720128522,-0.011232347675228885,-0.0013451899145905618,-0.0008856300527828764,-0.0011300416298240614,-0.0014123473457433179,-0.0009803744366508591,-0.0012935598115004438,0.009594591074544,0.0085208198225352
2015-05-29,0.004433112753821574,0.007386795613591176,0.006645502655025693,0.0036432478013615245,0.006892714510551112,0.012380000265368838,0.01033490529012,-0.0019102530146825935,-0.0032217647883461624,-0.0028695459977305586,0.007745885039231159,0.013718507512246497,0.01161466108314007,0.0128585973082875,0.0104913823045897
2015-06-30,-0.0188372703182861,-0.024272865107716982,-0.028260071953135818,-0.015470397570706673,-0.014953853351463061,-0.020766818797185685,-0.02243494650290126,-0.023476266689658826,-0.03054111788266354,-0.03521856651019491,-0.004155634809990834,-0.00569242502347822,-0.00623761869069292,-0.0193591237896352,-0.0210116719797299
2015-07-31,0.012815551687544616,0.01232582705270112,0.014628555717430077,0.010795567305006849,0.005190273269938968,0.005379257139541399,0.006513469092081608,-0.005716931455947165,-0.005551007411398137,-0.007022655982900869,-0.02812161070980426,-0.02873926591424113,-0.03768541647966495,0.0209520681173984,0.0197420294351848
2015-08-31,-0.04620580109985146,-0.040516696575735214,-0.0481013816324283,-0.04491485045678599,-0.04542301389145721,-0.04292926079993981,-0.05200881310884152,-0.06816538178105525,-0.0603523914932955,-0.07633453937971657,-0.05238760025884162,-0.04881785343451513,-0.0639662586032963,-0.0603342178454022,-0.0625808182558655
2015-09-30,-0.023670837941094848,-0.00435835808753074,-0.005182606069262746,-0.021910434991570395,-0.025437370915144836,-0.005056970479393657,-0.006127956652821222,-0.02738203540056355,-0.00509942790133295,-0.006445818585996918,-0.05872658553621121,-0.01157920726140214,-0.015159697662265997,-0.0247435848186846,-0.0264428312800014
2015-10-30,0.05924122757349251,0.015377608875266692,0.01827966219089679,0.05664766471047535,0.05616810029241073,0.01571274041209939,0.019028959732079905,0.04422423839157152,0.011588551068244848,0.014638257827941037,0.05982591848026813,0.016501930148364652,0.021669447556804434,0.0843545721464806,0.0829831178126665
2015-11-30,0.007243674790986605,0.004272162958899777,0.005095864454142593,0.006995710039409617,0.005464346594272168,0.0034752186485802333,0.004212203650687848,0.010230238372792974,0.00607952090120625,0.007682873658586056,0.018435273393686183,0.011503766312987917,0.015123986321393373,0.0029731408930131,0.0005048691103348
2015-12-31,-0.022440388366790506,-0.021001227856207345,-0.025149975882917203,-0.021775440944628945,-0.020522906955946673,-0.020711815842309543,-0.025228797787777205,-0.04598300337779011,-0.04346230772505909,-0.05510258599122946,-0.053459357219242644,-0.053190810303940156,-0.07009045250214825,-0.0157719578576938,-0.0175301850326925
2016-01-29,-0.0229401042469813,-0.008510320229061353,-0.01019894463027188,-0.021957105937821114,-0.022237572779583832,-0.008898115706030302,-0.010842662693285788,-0.057091557715254634,-0.0215102095593518,-0.027217776264979798,-0.08739053474866872,-0.0347063656506266,-0.045616013203252044,-0.0496232289807231,-0.0507353220469523
2016-02-29,0.020739487053303106,0.00496325832507067,0.005889119222692198,0.020079657825846857,0.02372397612359114,0.006066001870082172,0.007321078563481354,0.0293465834062043,0.007002121659421466,0.008825205252829336,0.011181118995963588,0.002927096952526391,0.003782811181995562,-0.0013491069275127,-0.0041283603090035
2016-03-31,0.08196191406953159,0.030410519311623356,0.03636463242877045,0.08659896996681847,0.07730926718481872,0.030901647092555367,0.03754848706966558,0.053890741607500126,0.02024494172988526,0.02567842148421727,0.07927973580465829,0.03124525128877572,0.0412046463989874,0.0678373241284351,0.0659911144400584
2016-04-29,-0.0030833202133826398,-0.0021800919014826406,-0.0026759148386564457,-0.002383007143599268,-0.004220167780832323,-0.003248534844757042,-0.004022706030981687,0.010051824835338428,0.0073824276084705955,0.009378946688862855,0.03371240428793756,0.0259322482210219,0.03435824791324861,0.0038779624059339,0.0026993982833325
2016-05-31,0.016526255976468517,0.018856878537369722,0.02278935384632579,0.013062545368926757,0.01934810827600778,0.02378213927680196,0.028930588048192367,-0.0044004221627912754,-0.005104475359621923,-0.006569318575265089,0.0001689403041074815,0.00016589799541986722,0.00016183609034191982,0.017957236631424,0.0153246025252884
2016-06-30,0.03425207972419491,0.033019482083493396,0.03989978782905973,0.02692640479142539,0.03112263521936499,0.032312240894936055,0.03953394995963678,0.019806921404670958,0.01927958092156179,0.02453864272162329,-0.009447064796033577,-0.009680893475536563,-0.012940333811600178,0.002592253538372,0.0009109212401243
2016-07-29,0.024811607540188494,0.00822990391801258,0.009906655805358692,0.01948242995767538,0.026359499434061483,0.009395879667045148,0.0114576973353227,0.03653625323564093,0.012163874670116558,0.015468005741977698,0.05505433356206669,0.01920172468724123,0.025407735691980203,0.0368679596411618,0.0356098007533154
2016-08-31,-0.0067236457128485435,-0.012697381710938874,-0.0101978295902033,-0.005180637312363002,-0.004290319526674308,-0.008824291955898476,-0.006547840310941947,-0.0063072797179232155,-0.01203997712666643,-0.009573280597815308,0.015686154911807658,0.030778529996571678,0.023416871346781002,0.0014048510677484,-0.0012192428990193
2016-09-30,-0.0018168936520430966,-0.006268382841238695,-0.0028626329467297627,-0.0015451255905880971,-0.002981739461194092,-0.010703791070399237,-0.004609901660456256,-0.006675625930143368,-0.021677689293120896,-0.010150731363880169,0.01185672006899167,0.03877586457434867,0.017647787634822387,0.0001868847881945,-0.0012344511393173
2016-10-31,-0.005041161918291592,-0.0029185464315217378,-0.0035762067357029605,-0.004599256362962772,-0.005474983721287247,-0.0034427208148909874,-0.004266077872878704,-0.028830935576721794,-0.017301218897225256,-0.022127939228251563,-0.046605972022552664,-0.02950724279985125,-0.03919870415549851,-0.0182404927244073,-0.0194256789090344
2016-11-30,0.06389602045690451,0.1586353931855141,0.09570258430421644,0.06418093927911553,0.06770168602673657,0.18114526810588008,0.10141108265896452,0.045132491977685804,0.11300183954712334,0.06755729158538837,0.09593425604115463,0.25329104692135473,0.14375993768059162,0.037035137353959,0.034174521829295
2016-12-30,0.03363200958500971,0.031733137582410316,0.035920452889284256,0.029844017252203637,0.03386448582221456,0.03440332546639146,0.03923187124188201,0.03161190237877985,0.03011171900953253,0.0371187496968473,0.01684461254035629,0.01687543319662962,0.020375536447095267,0.019765374837583,0.0182007624418658
2017-01-31,0.01014924702315481,0.017929266635427647,0.015016013112367704,0.009572441156254658,0.005785042138560148,0.010827200837048974,0.008469705785475713,0.007797660964098717,0.01382590118484668,0.011488634023783566,0.014765401263125415,0.027851118257100342,0.021940244472323612,0.0189661948788364,0.0178843581983825
2017-02-28,0.035001314268918865,0.08222754067916553,0.052285819416520316,0.036215565377116135,0.029580800647851777,0.0747592533121374,0.04415504898491968,0.005558298737741424,0.012677885258187908,0.008121296119754155,0.014180825338131267,0.03499934764561192,0.02105508602033892,0.0397081787648656,0.0371981600668163
2017-03-31,0.002749976510985447,0.008911216748449457,0.0039046660646591155,0.0028125607289827487,0.003523548868324056,0.012627005013665232,0.005065024600667029,0.007391790483990795,0.026182430180536644,0.010867387024167138,0.004017727005924834,0.014382427516431087,0.005806291807068196,0.0011647620747521,-0.0003891971352694
2017-04-28,0.013229792326890413,0.01929071198671992,0.019533257589772327,0.017355877797940646,0.014762444339969125,0.023186577250132286,0.021832235609390398,0.03223521834482042,0.047883762972973476,0.048041396616667335,0.0026175661732150074,0.0037614090047404696,0.003614918359259219,0.0102705391955073,0.0090912087488546
2017-05-31,0.01006839110557793,0.021211278684994204,0.014774605868207839,0.013663598237351018,0.006846367798990159,0.015224992720637627,0.009941570908326184,-0.011619245819465128,-0.02640925219529621,-0.017756849519356747,-0.02315648874823996,-0.05460159899765319,-0.03506271391251899,0.01407253109281,0.0115762512463286
2017-06-30,0.0022163384653382055,0.003301906057796551,0.002926256978339494,0.0027449596516013436,0.0038223543299058214,0.006550586340742166,0.005335280775190918,0.019323691496338606,0.03380373395735511,0.028587286524840095,0.030104425120141363,0.05574927363450469,0.04475838696054423,0.0062417505509435,0.0048137752078125
2017-07-31,0.015623042917806243,0.029130589777510284,0.02301566667216086,0.021344669179467327,0.01438351868969815,0.02877214235458996,0.02115638032999872,0.003415071010387832,0.0058170953280994395,0.004703708811033244,0.004908886665244129,0.009115754186279471,0.00694443229331769,0.0205628036585088,0.0193488260011018
2017-08-31,0.0010921889500174289,0.0017076151672629869,0.001202874876846449,0.0011812842022619198,-0.0037146315116226183,-0.0178088519961388,-0.0060073558156136225,-0.03200757015385753,-0.12460757781737095,-0.04844676377896599,-0.015171633683909221,-0.0635660121767654,-0.023192859074043524,0.0030620867698973,0.0005464330198532
2017-09-29,0.017081308195137316,0.02134195021171325,0.02370961376262462,0.02426954849975548,0.022771740654157397,0.030675309992530497,0.03374697094616769,0.029038596988757975,0.036775191351830515,0.04292176446369205,0.06286516528591377,0.08402340355401004,0.09388710789380224,0.0206277557821019,0.0193029785621676
2017-10-31,0.02773781327313822,0.09295043235353968,0.041175438510696945,0.04101832258919309,0.021715356383660275,0.07786477973522012,0.03214175317648003,-0.00020999463446025137,-0.002847921871292203,-0.0007462733507007627,0.0017584080062687814,0.004124293173587862,0.002206330610392786,0.0233347515019883,0.0221881350661512
2017-11-30,0.03435869869510051,0.13183458817392177,0.05106963577261619,0.05367990849197432,0.03682467782006624,0.15241078730489035,0.054768604460064776,0.03463574923330804,0.13419002536721644,0.051485211579927484,0.03143382856272276,0.127854988859797,0.046682330574049566,0.0306695807180619,0.0280826278065633
2017-12-29,-0.020832864865262393,-0.05514374715950315,-0.031767170305242766,-0.04270147574522314,-0.012550508702221989,-0.036577901625171556,-0.01934363606068216,0.012207720500756867,0.030012299907716245,0.017793707743786122,0.006553357791182574,0.01609740941232652,0.009312163679424683,0.0111183186828309,0.0098316305942705
2018-01-31,0.015749086132176113,0.05523030300944888,0.023056349159561847,0.02797452910411343,0.02017195460491316,0.07707532082088805,0.029690651868667418,0.010542618900751201,0.03629372549020004,0.01524664831242448,0.030685147324487315,0.11736226107537256,0.045460440948028646,0.0572537789446194,0.0561787041255281
2018-02-28,-0.044691382212366244,-0.059458282422533454,-0.06196871244397191,-0.08302502780350897,-0.04449520195888282,-0.0638900351094573,-0.06733887899205292,-0.04452318354747902,-0.059817583898753336,-0.06719882186689738,-0.04442605200329575,-0.06288163814841194,-0.06723515405867232,-0.0368558118139538,-0.0389473718793677
2018-03-29,0.01541071075833659,0.0041576951440747125,0.004259424014888463,0.020329879963932672,0.00967988214821331,0.0031420790113653977,0.0032342110340827057,0.02099127049504467,0.005310357353228639,0.005764782254270672,-0.002099571799387629,0.0006163602875214026,0.0005113969375541488,-0.0254140201682131,-0.0268844986005566
2018-04-30,0.007999283216655934,0.0035006468997710646,0.003576461442737813,0.010257339991560602,0.004009367871783279,0.0022972271645992524,0.002342905847266439,0.005562996114503986,0.0027393025172258705,0.0028927728085800047,0.006130077053433331,0.0030007087947512895,0.003229449686552366,0.0038371097680698,0.0027187749953683
2018-05-31,0.025614742940424456,0.011943908529533708,0.012320073907362507,0.0340017542017193,0.0208018110552018,0.01050972450776535,0.010969419490859068,0.030193622344554343,0.014044164579798867,0.015484770464803035,0.04934772324054581,0.023505989654603737,0.026657389809861907,0.024082244244804,0.0216083418545836
2018-06-29,0.013566593063097598,0.015893322266607036,0.016418242248835466,0.017280384051846193,0.014864278532064281,0.01867612139829505,0.019555433656998255,0.02225221412813942,0.026500072263465815,0.02939311887616478,0.0028604176573902612,0.003209212526638356,0.0034478693863174755,0.006154449872648,0.0048424362676078
2018-07-31,0.026161977519906218,0.038520375565694036,0.038462206744997764,0.03382191691587369,0.027761760903424828,0.04398142533095235,0.040861881820275676,0.0030767948783961825,0.0038599274395179272,0.00383443278273271,0.011632679378546732,0.01763907436469818,0.016668259532958536,0.0372147647944518,0.0360215561728991
2018-08-31,0.030627918676603316,0.046675286429883306,0.04512017926179197,0.03888248578289832,0.027925831862256986,0.04564907403417148,0.04106704904027248,0.032071357722804845,0.04937291605653949,0.04728533783109427,0.03274071718036121,0.052981778690836305,0.04828937701742882,0.0325839906995386,0.0302632112767482
2018-09-28,-0.008125079636161997,-0.017872797967064185,-0.013042043097857427,-0.010631684057486464,-0.006012818230863712,-0.01486114348137163,-0.00987365098991,-0.015129477701716706,-0.03214291393195141,-0.023548640196189494,-0.020166438816407582,-0.04457624366691058,-0.031104081868225802,0.0056920706182788,0.0042942874264617
2018-10-31,-0.0564352378259975,-0.22976245943131152,-0.085539981769989,-0.06912882792914936,-0.058240996322079665,-0.25548840727986094,-0.08824861951411225,-0.07113132052798074,-0.2910095015650739,-0.10758410582296386,-0.10286627365095011,-0.4404994970869917,-0.1551865355074179,-0.0683499888676936,-0.0694033560936963
2018-11-30,0.03556372438707142,0.009014876256650827,0.008485998893495258,0.03451093980608149,0.03527822976742965,0.009503323892986656,0.009014874602240156,0.009946309499358945,0.003610167406199143,0.0035177371637859388,0.005188768850669529,0.002630681403049363,0.002583696156197609,0.0203780837842861,0.0178593566547797
2018-12-31,-0.08043797566390633,-0.02553207234983346,-0.023529623494684522,-0.07779803956008986,-0.08070184530399196,-0.0277587316459142,-0.025886769775549885,-0.10857118188377092,-0.035262440677693435,-0.03326643791488372,-0.12403009962937427,-0.04268706658527957,-0.03986273596703402,-0.0902898436547529,-0.0917768946799725
2019-01-31,0.07129278516398845,0.012094063678769081,0.0114969442346634,0.05442251376296363,0.07014529170935162,0.012699361843970287,0.012140384794285732,0.06251006227496066,0.010897344351213542,0.010596827268135952,0.11747193440826621,0.01988837435436936,0.019000319283135825,0.0801348356918998,0.0786844016658261
2019-02-28,0.03146625129179575,0.011549897084642902,0.011051910649511946,0.021591577189449963,0.03314188365999399,0.012883427625848778,0.012376558481528679,0.027680065435648486,0.01039868853779959,0.010156854845580324,0.0468689743511958,0.017475757677014654,0.016862275604534183,0.0321085132754697,0.0297288893439271
2019-03-29,0.019304977412532766,0.033414888189095694,0.027968300349377497,0.014084981291824571,0.01743794339388073,0.03220624263881655,0.025167749321399445,-0.0025879954263743053,-0.006386316194180071,-0.004871158908983109,-0.02079207654759302,-0.04192085400198394,-0.03217728059081118,0.0194312816199242,0.0179242562495884
2019-04-30,0.018239774733339754,0.014998612019422085,0.014321661551971482,0.013312884671341679,0.02380116495571013,0.02081497090764454,0.019944945031823064,0.013385685884148324,0.011197882387866665,0.010938279773132486,0.029720552919908567,0.025589991188651164,0.02465323950112256,0.0404893139395219,0.0393134983137379
2019-05-31,-0.02163927478034619,-0.05415144973352328,-0.033439923089370785,-0.014480462016625156,-0.02749808211849874,-0.07352193008929248,-0.042228134096599604,-0.05920107639590729,-0.14485652834834215,-0.08978262551271243,-0.08811190516416612,-0.2255977816899092,-0.13314886866510067,-0.0635480335027736,-0.0657777313668354
2019-06-28,0.046180171095030885,0.023621740886090058,0.022389595913045113,0.032249854350173426,0.0431157652871448,0.023689153271238203,0.022520692184937848,0.04576316957579958,0.023624302387153816,0.022433809505351454,0.06509837557915767,0.03484344458369434,0.03245805794523827,0.0704767078059691,0.0689301639982407
2019-07-31,0.007126675752544275,0.006374536239161395,0.006120078089118821,0.005297012837888429,0.007240755921751791,0.006842171408369539,0.006574869225327908,0.003371001527690064,0.0031547446571387593,0.0030787303449395435,-0.00071085320938319,-0.0005041191910036889,-0.0003477474378735957,0.0143731091059111,0.0131281521669579
2019-08-30,0.02359755870813059,0.03742093527220192,0.03455418349635053,0.016297699520964357,0.01710416947103017,0.02878474546846869,0.0248140996406999,-0.006532217745016444,-0.011844364612709173,-0.01064048118337002,-0.055028055777971874,-0.09659219497628634,-0.08338423823280317,-0.0158413565181457,-0.0180916272405239
2019-09-30,0.023135133865810953,0.00647790866787121,0.006207128324486312,0.0160635016077553,0.015405162021931882,0.0049722593624957154,0.004795517895136815,-0.005724229674588944,-6.392081323580083e-05,2.4821807726723355e-05,0.02621749509080141,0.00752317143421152,0.0070826590426498436,0.0187106748374838,0.0171811779310206
2019-10-31,-0.004623388881346609,-0.007134790794409655,-0.006655857379709348,-0.002609796514196569,-0.005076802127994485,-0.008495489629632416,-0.007969109955022672,-0.0011945881639360703,-0.002341247165831937,-0.0021373870283834537,0.014085992693910268,0.02033017711945485,0.01893324033576962,0.0216590148608859,0.020431770513684
2019-11-29,-0.0057051147834200865,-0.0032749899603884613,-0.003024486846363709,-0.004034139729711271,0.005859143322916544,0.004481476993655022,0.004311233876119915,0.023769653292506073,0.016041848531267392,0.015261242517202758,0.0436635209782213,0.030570521114339746,0.0283897100793268,0.0362990518941157,0.0340470377144999
2019-12-31,0.02987588089359828,0.08351095442096028,0.04416842304084763,0.023164604874664606,0.02521159465233281,0.07543950200210818,0.037171993678949425,0.030413391164446912,0.08586327788157665,0.044974688447120575,0.036500755449787224,0.1089049824016306,0.05410573487513104,0.0301828111118147,0.02858981890573
2020-01-31,0.02686788196396172,0.053854303538899244,0.039672859456560336,0.03122575417453887,0.01736160924953549,0.03689986277655278,0.025413450384920995,-0.008690133936959705,-0.01936952698201275,-0.013664164394821796,-0.036938376945294435,-0.0820974325574119,-0.05603652890732389,-0.0003921258623434,-0.0016280928190489
2020-02-28,-0.09562243366962458,-0.08817056082778987,-0.08223911120320375,-0.14593935511099798,-0.08743739635924017,-0.086974848539511,-0.08175106388101122,-0.0734191538754819,-0.06833861360445978,-0.06408066206100956,-0.08700641672328492,-0.08531669709625977,-0.07804718694942542,-0.0823187329463058,-0.0841104836384031
2020-03-31,-0.14290322641637843,-0.030620587287127965,-0.028682880579155124,-0.11218823655036442,-0.1516558511508489,-0.035154074498403534,-0.03306967436153127,-0.13891695788803363,-0.030040151821128964,-0.028215738107303826,-0.22345400629451606,-0.05142614133038489,-0.0471073913816462,-0.1235134957106561,-0.1251192824089282
2020-04-30,0.07208566443418561,0.001121004399185655,0.001096903978096051,0.03728869135322343,0.08699937366756552,0.0014307679711683327,0.0014000502199095091,0.0774670149512136,0.001208596543141768,0.0011763024262638217,0.16539389769334456,0.0026030721439997697,0.0024934628654470306,0.1281940247914017,0.1268440381652789
2020-05-29,0.029116578521111977,0.002119463376072208,0.0020858851352315803,0.013968031619014748,0.04258156819315232,0.00329982756291947,0.0032550321359637495,0.052128826060188115,0.003774769664934515,0.0036970079348158076,0.060395220550269926,0.0045872231346662865,0.004474745663180373,0.0476274373793861,0.0452818196655582
2020-06-30,-0.02442444621951126,-0.005583704602653331,-0.005494168191215829,-0.011541375677832295,-0.013918916138072788,-0.0033967606679277907,-0.003354060591642525,0.0006630371940584866,0.0002447397466660633,0.0002424714390537256,0.0323984856995399,0.008084213416526615,0.0079022803913571,0.0198881889646482,0.0183883965139242
2020-07-31,0.04706879916508828,0.006760371874015767,0.006666182933056822,0.02294559869497306,0.046460024251429644,0.007182521740835184,0.007100147411926364,0.05435021552207242,0.007862165449965472,0.00772543564771875,0.0395807623020034,0.006051697023244697,0.005919258156389168,0.0563851933623509,0.0551013214804436
2020-08-31,0.008508751732303399,0.004821368471342979,0.004766172513496887,0.00404594752579629,0.023438836866470837,0.014245159762611214,0.01411006004693153,-0.0020434914218348805,-0.0011287424643558134,-0.001111726912766275,0.05109010921723495,0.030582435147171995,0.02992291101182319,0.0718797999460183,0.0700646669017177
2020-09-30,-0.025509570583785737,-0.034193833533125204,-0.03379478472990957,-0.012035747550052657,-0.03373504404205748,-0.04872840365137238,-0.048277557088254555,-0.05191895316732136,-0.07023205440390667,-0.06924089464111768,-0.03584902977482862,-0.05105310386034175,-0.04999453262129356,-0.0379971649976397,-0.039227970178423
2020-10-30,0.009673592853427879,0.002001376598848266,0.001977251109112411,0.004646225474053473,0.0022646062668954204,0.0005534507956677131,0.000548178162336185,-0.018527863284392352,-0.003674806634615195,-0.0036108505894998587,0.016121626968766272,0.003491763984429886,0.003418500334249071,-0.0265926800192296,-0.0276657862213797
2020-11-30,0.0951199377239229,0.026994513635464158,0.026654911314621308,0.045141233841970684,0.09431608760056051,0.028840214756080222,0.02851679776810318,0.10665778257957911,0.030552931977452506,0.03005581135424979,0.17801596542259535,0.05362747180685314,0.05247930630094833,0.1094636594109803,0.107545635443859
2020-12-31,0.028083909796009887,0.011526688272617536,0.011519607597880462,0.012037574106636948,0.0412156777606372,0.01820547449063489,0.018180301194495825,0.050984697210324045,0.021094380852707498,0.021041238782679446,0.07086238412443199,0.03083702508059839,0.030766469390317252,0.0384485719881335,0.03712145909357
